Time,Device,Data
1602136545.4341173,192.168.137.7,0.9
1602136945.4341173,192.168.137.7,10
1602136545.4341173,192.168.137.9,50
1602136945.4341173,192.168.137.9,90