Time,Device,Data
1602136069.4089117,8,0
1602136139.5768557,4,0
1602136351.4846866,4,1
